<?xml version="1.0" encoding="UTF-8" standalone="no"?>
<profiles version="1">
<profile kind="CodeFormatterProfile" name="kandr" version="1">
<setting id="org.eclipse.cdt.core.formatter.insert_space_after_opening_paren_in_for" value="do not insert"/>
<setting id="org.eclipse.cdt.core.formatter.continuation_indentation" value="2"/>
<setting id="org.eclipse.cdt.core.formatter.insert_space_before_opening_paren_in_method_declaration" value="do not insert"/>
<setting id="org.eclipse.cdt.core.formatter.insert_new_line_in_empty_block" value="insert"/>
<setting id="org.eclipse.cdt.core.formatter.insert_space_after_opening_paren_in_method_declaration" value="do not insert"/>
<setting id="org.eclipse.cdt.core.formatter.lineSplit" value="80"/>
<setting id="org.eclipse.cdt.core.formatter.insert_space_before_colon_in_default" value="do not insert"/>
<setting id="org.eclipse.cdt.core.formatter.alignment_for_conditional_expression" value="80"/>
<setting id="org.eclipse.cdt.core.formatter.keep_else_statement_on_same_line" value="false"/>
<setting id="org.eclipse.cdt.core.formatter.indent_switchstatements_compare_to_switch" value="false"/>
<setting id="org.eclipse.cdt.core.formatter.insert_space_after_opening_brace_in_array_initializer" value="insert"/>
<setting id="org.eclipse.cdt.core.formatter.insert_space_before_comma_in_array_initializer" value="do not insert"/>
<setting id="org.eclipse.cdt.core.formatter.insert_space_before_closing_paren_in_if" value="do not insert"/>
<setting id="org.eclipse.cdt.core.formatter.insert_space_before_comma_in_method_declaration_parameters" value="do not insert"/>
<setting id="org.eclipse.cdt.core.formatter.format_guardian_clause_on_one_line" value="false"/>
<setting id="org.eclipse.cdt.core.formatter.indent_access_specifier_compare_to_type_header" value="false"/>
<setting id="org.eclipse.cdt.core.formatter.insert_space_after_opening_paren_in_if" value="do not insert"/>
<setting id="org.eclipse.cdt.core.formatter.insert_space_before_opening_brace_in_type_declaration" value="insert"/>
<setting id="org.eclipse.cdt.core.formatter.insert_space_after_comma_in_method_declaration_parameters" value="insert"/>
<setting id="org.eclipse.cdt.core.formatter.continuation_indentation_for_array_initializer" value="2"/>
<setting id="org.eclipse.cdt.core.formatter.insert_space_after_semicolon_in_for" value="insert"/>
<setting id="org.eclipse.cdt.core.formatter.indent_body_declarations_compare_to_access_specifier" value="true"/>
<setting id="org.eclipse.cdt.core.formatter.insert_space_before_opening_brace_in_block" value="insert"/>
<setting id="org.eclipse.cdt.core.formatter.insert_space_before_closing_paren_in_method_invocation" value="do not insert"/>
<setting id="org.eclipse.cdt.core.formatter.insert_space_before_closing_paren_in_method_declaration" value="do not insert"/>
<setting id="org.eclipse.cdt.core.formatter.indent_body_declarations_compare_to_namespace_header" value="false"/>
<setting id="org.eclipse.cdt.core.formatter.use_tabs_only_for_leading_indentations" value="false"/>
<setting id="org.eclipse.cdt.core.formatter.insert_space_after_colon_in_case" value="insert"/>
<setting id="org.eclipse.cdt.core.formatter.insert_space_after_closing_brace_in_block" value="insert"/>
<setting id="org.eclipse.cdt.core.formatter.insert_space_before_opening_brace_in_array_initializer" value="insert"/>
<setting id="org.eclipse.cdt.core.formatter.insert_space_after_comma_in_array_initializer" value="insert"/>
<setting id="org.eclipse.cdt.core.formatter.insert_new_line_at_end_of_file_if_missing" value="do not insert"/>
<setting id="org.eclipse.cdt.core.formatter.alignment_for_expressions_in_array_initializer" value="16"/>
<setting id="org.eclipse.cdt.core.formatter.insert_space_before_question_in_conditional" value="insert"/>
<setting id="org.eclipse.cdt.core.formatter.insert_space_before_closing_paren_in_for" value="do not insert"/>
<setting id="org.eclipse.cdt.core.formatter.tabulation.size" value="4"/>
<setting id="org.eclipse.cdt.core.formatter.insert_new_line_before_else_in_if_statement" value="do not insert"/>
<setting id="org.eclipse.cdt.core.formatter.insert_space_before_comma_in_method_invocation_arguments" value="do not insert"/>
<setting id="org.eclipse.cdt.core.formatter.insert_space_before_opening_paren_in_switch" value="insert"/>
<setting id="org.eclipse.cdt.core.formatter.indent_statements_compare_to_body" value="true"/>
<setting id="org.eclipse.cdt.core.formatter.insert_space_between_empty_parens_in_method_declaration" value="do not insert"/>
<setting id="org.eclipse.cdt.core.formatter.indent_statements_compare_to_block" value="true"/>
<setting id="org.eclipse.cdt.core.formatter.insert_space_before_closing_paren_in_switch" value="do not insert"/>
<setting id="org.eclipse.cdt.core.formatter.insert_space_before_opening_paren_in_method_invocation" value="do not insert"/>
<setting id="org.eclipse.cdt.core.formatter.indent_empty_lines" value="false"/>
<setting id="org.eclipse.cdt.core.formatter.indent_switchstatements_compare_to_cases" value="true"/>
<setting id="org.eclipse.cdt.core.formatter.tabulation.char" value="tab"/>
<setting id="org.eclipse.cdt.core.formatter.insert_space_before_opening_brace_in_method_declaration" value="insert"/>
<setting id="org.eclipse.cdt.core.formatter.keep_empty_array_initializer_on_one_line" value="false"/>
<setting id="org.eclipse.cdt.core.formatter.insert_space_before_opening_brace_in_switch" value="insert"/>
<setting id="org.eclipse.cdt.core.formatter.put_empty_statement_on_new_line" value="true"/>
<setting id="org.eclipse.cdt.core.formatter.insert_space_after_opening_paren_in_while" value="do not insert"/>
<setting id="org.eclipse.cdt.core.formatter.insert_space_after_comma_in_method_invocation_arguments" value="insert"/>
<setting id="org.eclipse.cdt.core.formatter.brace_position_for_method_declaration" value="end_of_line"/>
<setting id="org.eclipse.cdt.core.formatter.insert_space_between_empty_braces_in_array_initializer" value="do not insert"/>
<setting id="org.eclipse.cdt.core.formatter.brace_position_for_block_in_case" value="end_of_line"/>
<setting id="org.eclipse.cdt.core.formatter.insert_space_before_closing_paren_in_while" value="do not insert"/>
<setting id="org.eclipse.cdt.core.formatter.insert_space_after_question_in_conditional" value="insert"/>
<setting id="org.eclipse.cdt.core.formatter.compact_else_if" value="true"/>
<setting id="org.eclipse.cdt.core.formatter.insert_space_before_semicolon" value="do not insert"/>
<setting id="org.eclipse.cdt.core.formatter.keep_then_statement_on_same_line" value="false"/>
<setting id="org.eclipse.cdt.core.formatter.brace_position_for_switch" value="end_of_line"/>
<setting id="org.eclipse.cdt.core.formatter.indent_breaks_compare_to_cases" value="true"/>
<setting id="org.eclipse.cdt.core.formatter.alignment_for_arguments_in_method_invocation" value="16"/>
<setting id="org.eclipse.cdt.core.formatter.insert_space_after_opening_paren_in_switch" value="do not insert"/>
<setting id="org.eclipse.cdt.core.formatter.insert_space_before_opening_paren_in_if" value="insert"/>
<setting id="org.eclipse.cdt.core.formatter.insert_space_before_opening_paren_in_while" value="insert"/>
<setting id="org.eclipse.cdt.core.formatter.alignment_for_parameters_in_method_declaration" value="16"/>
<setting id="org.eclipse.cdt.core.formatter.insert_new_line_before_closing_brace_in_array_initializer" value="do not insert"/>
<setting id="org.eclipse.cdt.core.formatter.indentation.size" value="4"/>
<setting id="org.eclipse.cdt.core.formatter.insert_new_line_after_opening_brace_in_array_initializer" value="do not insert"/>
<setting id="org.eclipse.cdt.core.formatter.keep_imple_if_on_one_line" value="false"/>
<setting id="org.eclipse.cdt.core.formatter.brace_position_for_namespace_declaration" value="end_of_line"/>
<setting id="org.eclipse.cdt.core.formatter.insert_space_after_colon_in_conditional" value="insert"/>
<setting id="org.eclipse.cdt.core.formatter.number_of_empty_lines_to_preserve" value="1"/>
<setting id="org.eclipse.cdt.core.formatter.brace_position_for_array_initializer" value="end_of_line"/>
<setting id="org.eclipse.cdt.core.formatter.insert_space_before_colon_in_case" value="do not insert"/>
<setting id="org.eclipse.cdt.core.formatter.insert_space_before_opening_brace_in_namespace_declaration" value="insert"/>
<setting id="org.eclipse.cdt.core.formatter.insert_space_after_opening_paren_in_method_invocation" value="do not insert"/>
<setting id="org.eclipse.cdt.core.formatter.insert_new_line_before_while_in_do_statement" value="do not insert"/>
<setting id="org.eclipse.cdt.core.formatter.insert_space_before_closing_brace_in_array_initializer" value="insert"/>
<setting id="org.eclipse.cdt.core.formatter.insert_space_before_opening_paren_in_for" value="insert"/>
<setting id="org.eclipse.cdt.core.formatter.brace_position_for_block" value="end_of_line"/>
<setting id="org.eclipse.cdt.core.formatter.insert_space_before_colon_in_conditional" value="insert"/>
<setting id="org.eclipse.cdt.core.formatter.insert_space_before_semicolon_in_for" value="do not insert"/>
<setting id="org.eclipse.cdt.core.formatter.brace_position_for_type_declaration" value="end_of_line"/>
</profile>
</profiles>
