<?xml version="1.0" encoding="UTF-8"?>
<?NLS TYPE="org.eclipse.help.toc"?>

<toc label="No Name Element" topic="html/toc.html">
 <topic href="html/mcc.html" label="MCC">
    <topic href="html/component.html" label="Component">
       <topic href="html/runnable.html" label="Runnable">
       </topic>
       <topic href="html/port.html" label="Port">
       </topic>
       <topic href="html/dataStructure.html" label="Data Structure">
          <topic href="html/attribute.html" label="Attribute">
          </topic>
          <topic href="html/absoluterefrence.html" label="Absolute Reference">
          </topic>
       </topic>
       <topic href="html/enum.html" label="Enum">
       </topic>
    </topic>
    <topic href="html/parameter.html" label="Parameter">
    </topic>
 </topic>
 <topic href="html/ecu.html" label="ECU">
    <topic href="html/cpu.html" label="CPU">
       <topic href="html/node.html" label="Node">
          <topic href="html/task.html" label="Task">
          </topic>
          <topic href="html/buidunit.html" label="Build Unit">
          </topic>
          <topic href="html/osApplication.html" label="OS Application">
          </topic>
          <topic href="html/iSR.html" label="ISR">
          </topic>
       </topic>
    </topic>
    <topic href="html/functionalRequirement.html" label="Functional Requirment">
       <topic href="html/componentInstance.html" label="Component Instance">
          <topic href="html/resourceBudget.html" label="Resource Budget">
          </topic>
       </topic>
    </topic>
    <topic label="Memory">
    </topic>
 </topic>
</toc>
