<?xml version="1.0" encoding="UTF-8"?>
<toc label="Architecture Tool usages">
   <topic href="html/RefrenceFromExcel.html" label="Refrence From Excel">
   </topic>
   <topic href="html/project.html" label="Create New Project">
   </topic>
   <topic href="html/CommandLineFunctionality.html" label="Command line Functionality">
   </topic>
   <topic label="Impot/export Project and File">
   </topic>
   <topic href="html/generateSILArtifacts(par).html" label="Generate SIL Artifacts(PAR)">
   </topic>
   <topic href="html/GenerateSILArtifacts(Simcon).html" label="Generate SIL Artifacts(Simcon)">
   </topic>
   <topic href="html/GenerateRTEHeaders.html" label="Generate RTE Headers">
   </topic>
   <topic href="html/GenerateECUEXTRACT.html" label="Generate ECUEXTRACT">
   </topic>
   <topic href="html/GenerateHeaders.html" label="Generate Header File">
   </topic>
   <topic label="Generate Wrapper File">
   </topic>
</toc>
