<?xml version="1.0" encoding="UTF-8"?>
<site>
   <feature url="features/com.ibm.rational.rhapsody.platformintegration.feature_8.1.5.9728113.jar" id="com.ibm.rational.rhapsody.platformintegration.feature" version="8.1.5.9728113">
      <category name="Model Driven Development"/>
   </feature>
   <feature url="features/com.ibm.rational.rhapsody.platformintegration.workbench.feature_8.1.5.9728113.jar" id="com.ibm.rational.rhapsody.platformintegration.workbench.feature" version="8.1.5.9728113">
      <category name="Model Driven Development"/>
   </feature>
   <feature url="features/com.ibm.rational.rhapsody.wfi.feature_8.1.5.9728113.jar" id="com.ibm.rational.rhapsody.wfi.feature" version="8.1.5.9728113">
      <category name="Model Driven Development"/>
   </feature>
   <feature url="features/com.ibm.rational.rhapsody.wfi.workbench.feature_8.1.5.9728113.jar" id="com.ibm.rational.rhapsody.wfi.workbench.feature" version="8.1.5.9728113">
      <category name="Model Driven Development"/>
   </feature>
   <category-def name="Model Driven Development" label="Model Driven Development">
      <description>
         Plugins that integrate with IBM Rational&apos;s line of model driven development tools.
      </description>
   </category-def>
</site>
